
-- TABELA ESTADO

INSERT INTO estado(idestado, nome) VALUES(1, 'EspÌrito Santo');

-- TABELA MUNICIPIO

INSERT INTO municipio(idmunicipio, nome, idestado) VALUES(1, 'Fund„o', 1);

-- TABELA BAIRRO

INSERT INTO bairro(idbairro, nome, idmunicipio) VALUES(1, 'Agrim Correia', 1);
INSERT INTO bairro(idbairro, nome, idmunicipio) VALUES(2, 'Beira Linha', 1);
INSERT INTO bairro(idbairro, nome, idmunicipio) VALUES(3, 'Beira Rio', 1);
INSERT INTO bairro(idbairro, nome, idmunicipio) VALUES(4, 'Campestre I', 1);
INSERT INTO bairro(idbairro, nome, idmunicipio) VALUES(5, 'Campestre II', 1);
INSERT INTO bairro(idbairro, nome, idmunicipio) VALUES(6, 'Centro', 1);
INSERT INTO bairro(idbairro, nome, idmunicipio) VALUES(7, 'Cocal', 1);
INSERT INTO bairro(idbairro, nome, idmunicipio) VALUES(8, 'Orly Ramos', 1);
INSERT INTO bairro(idbairro, nome, idmunicipio) VALUES(9, 'Oseias', 1);
INSERT INTO bairro(idbairro, nome, idmunicipio) VALUES(10, 'Santa Marta', 1);
INSERT INTO bairro(idbairro, nome, idmunicipio) VALUES(11, 'Santo Ant√¥nio', 1);
INSERT INTO bairro(idbairro, nome, idmunicipio) VALUES(12, 'S√£o Jos√©', 1);
INSERT INTO bairro(idbairro, nome, idmunicipio) VALUES(13, 'Sischini', 1);

-- TABELA LABORATORIO

INSERT INTO laboratorio(idlaboratorio, nome) VALUES(1, 'Abbott');
INSERT INTO laboratorio(idlaboratorio, nome) VALUES(2, 'Accumed');
INSERT INTO laboratorio(idlaboratorio, nome) VALUES(3, 'Ach√©');
INSERT INTO laboratorio(idlaboratorio, nome) VALUES(4, 'Actavis');
INSERT INTO laboratorio(idlaboratorio, nome) VALUES(5, 'Adatina');
INSERT INTO laboratorio(idlaboratorio, nome) VALUES(6, 'Alcon');
INSERT INTO laboratorio(idlaboratorio, nome) VALUES(7, 'Allergan');
INSERT INTO laboratorio(idlaboratorio, nome) VALUES(8, 'AMP');
INSERT INTO laboratorio(idlaboratorio, nome) VALUES(9, 'Analitic');
INSERT INTO laboratorio(idlaboratorio, nome) VALUES(10, 'Apis Flora');
INSERT INTO laboratorio(idlaboratorio, nome) VALUES(11, 'Apsen Farmac√™utica');
INSERT INTO laboratorio(idlaboratorio, nome) VALUES(12, 'Aspen');
INSERT INTO laboratorio(idlaboratorio, nome) VALUES(13, 'AstraZeneca Brasil');
INSERT INTO laboratorio(idlaboratorio, nome) VALUES(14, 'Ativus');
INSERT INTO laboratorio(idlaboratorio, nome) VALUES(15, 'Atlhetica Nutrition');
INSERT INTO laboratorio(idlaboratorio, nome) VALUES(16, 'Avert');
INSERT INTO laboratorio(idlaboratorio, nome) VALUES(17, 'Bag√≥');
INSERT INTO laboratorio(idlaboratorio, nome) VALUES(18, 'Baldacci');
INSERT INTO laboratorio(idlaboratorio, nome) VALUES(19, 'Baruel');
INSERT INTO laboratorio(idlaboratorio, nome) VALUES(20, 'Bausch & Lomb');
INSERT INTO laboratorio(idlaboratorio, nome) VALUES(21, 'Bayer');
INSERT INTO laboratorio(idlaboratorio, nome) VALUES(22, 'BDF Nivea');
INSERT INTO laboratorio(idlaboratorio, nome) VALUES(23, 'Becton Dickinson');
INSERT INTO laboratorio(idlaboratorio, nome) VALUES(24, 'Bel Col');
INSERT INTO laboratorio(idlaboratorio, nome) VALUES(25, 'Besins Healthcare Company');
INSERT INTO laboratorio(idlaboratorio, nome) VALUES(26, 'Bic World');
INSERT INTO laboratorio(idlaboratorio, nome) VALUES(27, 'Bioderma');
INSERT INTO laboratorio(idlaboratorio, nome) VALUES(28, 'Bionatus');
INSERT INTO laboratorio(idlaboratorio, nome) VALUES(29, 'Blau');
INSERT INTO laboratorio(idlaboratorio, nome) VALUES(30, 'Blowtex');
INSERT INTO laboratorio(idlaboratorio, nome) VALUES(31, 'Boehringer Ingelheim');
INSERT INTO laboratorio(idlaboratorio, nome) VALUES(32, 'Braster√°pica');
INSERT INTO laboratorio(idlaboratorio, nome) VALUES(33, 'Bravir');
INSERT INTO laboratorio(idlaboratorio, nome) VALUES(34, 'Bril Cosm√©ticos');
INSERT INTO laboratorio(idlaboratorio, nome) VALUES(35, 'Bristol-Myers Squibb');
INSERT INTO laboratorio(idlaboratorio, nome) VALUES(36, 'Bunker');
INSERT INTO laboratorio(idlaboratorio, nome) VALUES(37, 'Capicilin');
INSERT INTO laboratorio(idlaboratorio, nome) VALUES(38, 'Carta Fabril');
INSERT INTO laboratorio(idlaboratorio, nome) VALUES(39, 'Catarinense Pharma');
INSERT INTO laboratorio(idlaboratorio, nome) VALUES(40, 'Chiesi Farmac√™utica');
INSERT INTO laboratorio(idlaboratorio, nome) VALUES(41, 'Cifarma');
INSERT INTO laboratorio(idlaboratorio, nome) VALUES(42, 'Cimed');
INSERT INTO laboratorio(idlaboratorio, nome) VALUES(43, 'Cless');
INSERT INTO laboratorio(idlaboratorio, nome) VALUES(44, 'Clin Off');
INSERT INTO laboratorio(idlaboratorio, nome) VALUES(45, 'Colgate-Palmolive');
INSERT INTO laboratorio(idlaboratorio, nome) VALUES(46, 'Combe do Brasil');
INSERT INTO laboratorio(idlaboratorio, nome) VALUES(47, 'Cosmed');
INSERT INTO laboratorio(idlaboratorio, nome) VALUES(48, 'Cral');
INSERT INTO laboratorio(idlaboratorio, nome) VALUES(49, 'Cremer');
INSERT INTO laboratorio(idlaboratorio, nome) VALUES(50, 'Crist√°lia');
INSERT INTO laboratorio(idlaboratorio, nome) VALUES(51, 'Curaprox');
INSERT INTO laboratorio(idlaboratorio, nome) VALUES(52, 'Daiichi Sankyo');
INSERT INTO laboratorio(idlaboratorio, nome) VALUES(53, 'Dailus Color');
INSERT INTO laboratorio(idlaboratorio, nome) VALUES(54, 'Danone');
INSERT INTO laboratorio(idlaboratorio, nome) VALUES(55, 'Daudt');
INSERT INTO laboratorio(idlaboratorio, nome) VALUES(56, 'Davene');
INSERT INTO laboratorio(idlaboratorio, nome) VALUES(57, 'Delta');
INSERT INTO laboratorio(idlaboratorio, nome) VALUES(58, 'Dental Floss');
INSERT INTO laboratorio(idlaboratorio, nome) VALUES(59, 'Depi Roll');
INSERT INTO laboratorio(idlaboratorio, nome) VALUES(60, 'Derma Dream');
INSERT INTO laboratorio(idlaboratorio, nome) VALUES(61, 'Dermage');
INSERT INTO laboratorio(idlaboratorio, nome) VALUES(62, 'Di Hellen');
INSERT INTO laboratorio(idlaboratorio, nome) VALUES(63, 'Diffucap Chemobras');
INSERT INTO laboratorio(idlaboratorio, nome) VALUES(64, 'Divcom');
INSERT INTO laboratorio(idlaboratorio, nome) VALUES(65, 'Doctor Clean');
INSERT INTO laboratorio(idlaboratorio, nome) VALUES(66, 'Ecofitus');
INSERT INTO laboratorio(idlaboratorio, nome) VALUES(67, 'Embelleze');
INSERT INTO laboratorio(idlaboratorio, nome) VALUES(68, 'EMS');
INSERT INTO laboratorio(idlaboratorio, nome) VALUES(69, 'Eurofarma');
INSERT INTO laboratorio(idlaboratorio, nome) VALUES(70, 'Facinatus');
INSERT INTO laboratorio(idlaboratorio, nome) VALUES(71, 'Farmax');
INSERT INTO laboratorio(idlaboratorio, nome) VALUES(72, 'Farmoqu√≠mica');
INSERT INTO laboratorio(idlaboratorio, nome) VALUES(73, 'Fini');
INSERT INTO laboratorio(idlaboratorio, nome) VALUES(74, 'Futura Biotech');
INSERT INTO laboratorio(idlaboratorio, nome) VALUES(75, 'Galderma');
INSERT INTO laboratorio(idlaboratorio, nome) VALUES(76, 'Galena');
INSERT INTO laboratorio(idlaboratorio, nome) VALUES(77, 'Geolab');
INSERT INTO laboratorio(idlaboratorio, nome) VALUES(78, 'Geratherm');
INSERT INTO laboratorio(idlaboratorio, nome) VALUES(79, 'Germed');
INSERT INTO laboratorio(idlaboratorio, nome) VALUES(80, 'Geyer');
INSERT INTO laboratorio(idlaboratorio, nome) VALUES(81, 'Glenmark');
INSERT INTO laboratorio(idlaboratorio, nome) VALUES(82, 'Granado');
INSERT INTO laboratorio(idlaboratorio, nome) VALUES(83, 'Greenwood');
INSERT INTO laboratorio(idlaboratorio, nome) VALUES(84, 'Gross');
INSERT INTO laboratorio(idlaboratorio, nome) VALUES(85, 'Grupo Galindo');
INSERT INTO laboratorio(idlaboratorio, nome) VALUES(86, 'GlaxoSmithKline');
INSERT INTO laboratorio(idlaboratorio, nome) VALUES(87, 'Hebron');
INSERT INTO laboratorio(idlaboratorio, nome) VALUES(88, 'Heel do Brasil');
INSERT INTO laboratorio(idlaboratorio, nome) VALUES(89, 'Hemafarma');
INSERT INTO laboratorio(idlaboratorio, nome) VALUES(90, 'Herbarium');
INSERT INTO laboratorio(idlaboratorio, nome) VALUES(91, 'Homeopatia Almeida Prado');
INSERT INTO laboratorio(idlaboratorio, nome) VALUES(92, 'WP Homeopatia');
INSERT INTO laboratorio(idlaboratorio, nome) VALUES(93, 'Hypermarcas');
INSERT INTO laboratorio(idlaboratorio, nome) VALUES(94, 'Incoterm');
INSERT INTO laboratorio(idlaboratorio, nome) VALUES(95, 'Instituto Biochimico');
INSERT INTO laboratorio(idlaboratorio, nome) VALUES(96, 'InterPlayers');
INSERT INTO laboratorio(idlaboratorio, nome) VALUES(97, 'Isdin');
INSERT INTO laboratorio(idlaboratorio, nome) VALUES(98, 'Janssen');
INSERT INTO laboratorio(idlaboratorio, nome) VALUES(99, 'Johnson & Johnson');
INSERT INTO laboratorio(idlaboratorio, nome) VALUES(100, 'Kapeh');
INSERT INTO laboratorio(idlaboratorio, nome) VALUES(101, 'Kimberly Clark');
INSERT INTO laboratorio(idlaboratorio, nome) VALUES(102, 'Kley Hertz');
INSERT INTO laboratorio(idlaboratorio, nome) VALUES(103, 'Kress');
INSERT INTO laboratorio(idlaboratorio, nome) VALUES(104, 'Kuka');
INSERT INTO laboratorio(idlaboratorio, nome) VALUES(105, 'La Roche');
INSERT INTO laboratorio(idlaboratorio, nome) VALUES(106, 'Laborat√≥rio Osler');
INSERT INTO laboratorio(idlaboratorio, nome) VALUES(107, 'Laborat√≥rios Ferring');
INSERT INTO laboratorio(idlaboratorio, nome) VALUES(108, 'Latinofarma');
INSERT INTO laboratorio(idlaboratorio, nome) VALUES(109, 'Legrand');
INSERT INTO laboratorio(idlaboratorio, nome) VALUES(110, 'Leite de Rosas');
INSERT INTO laboratorio(idlaboratorio, nome) VALUES(111, 'Len√ßobras');
INSERT INTO laboratorio(idlaboratorio, nome) VALUES(112, 'Libbs');
INSERT INTO laboratorio(idlaboratorio, nome) VALUES(113, 'Linea');
INSERT INTO laboratorio(idlaboratorio, nome) VALUES(114, 'L‚ÄôOr√©al');
INSERT INTO laboratorio(idlaboratorio, nome) VALUES(115, 'Luvex');
INSERT INTO laboratorio(idlaboratorio, nome) VALUES(116, 'Mabra');
INSERT INTO laboratorio(idlaboratorio, nome) VALUES(117, 'Mahogany');
INSERT INTO laboratorio(idlaboratorio, nome) VALUES(118, 'MamyPoko');
INSERT INTO laboratorio(idlaboratorio, nome) VALUES(119, 'Mantecorp');
INSERT INTO laboratorio(idlaboratorio, nome) VALUES(120, 'Marcelo Beauty');
INSERT INTO laboratorio(idlaboratorio, nome) VALUES(121, 'M√°rcia Cosm√©ticos');
INSERT INTO laboratorio(idlaboratorio, nome) VALUES(122, 'Marjan');
INSERT INTO laboratorio(idlaboratorio, nome) VALUES(123, 'Master Farmac√™utico');
INSERT INTO laboratorio(idlaboratorio, nome) VALUES(124, 'Meda Pharma');
INSERT INTO laboratorio(idlaboratorio, nome) VALUES(125, 'Median');
INSERT INTO laboratorio(idlaboratorio, nome) VALUES(126, 'Medley');
INSERT INTO laboratorio(idlaboratorio, nome) VALUES(127, 'Medqu√≠mica');
INSERT INTO laboratorio(idlaboratorio, nome) VALUES(128, 'Melora');
INSERT INTO laboratorio(idlaboratorio, nome) VALUES(129, 'Memphis');
INSERT INTO laboratorio(idlaboratorio, nome) VALUES(130, 'Merck');
INSERT INTO laboratorio(idlaboratorio, nome) VALUES(131, 'Mercofarma');
INSERT INTO laboratorio(idlaboratorio, nome) VALUES(132, 'Millipharma');
INSERT INTO laboratorio(idlaboratorio, nome) VALUES(133, 'Mip Brasil Farma');
INSERT INTO laboratorio(idlaboratorio, nome) VALUES(134, 'Momenta Farma');
INSERT INTO laboratorio(idlaboratorio, nome) VALUES(135, 'Mr Pharma');
INSERT INTO laboratorio(idlaboratorio, nome) VALUES(136, 'MSD');
INSERT INTO laboratorio(idlaboratorio, nome) VALUES(137, 'Multilab');
INSERT INTO laboratorio(idlaboratorio, nome) VALUES(138, 'Mundipharma');
INSERT INTO laboratorio(idlaboratorio, nome) VALUES(139, 'Muriel');
INSERT INTO laboratorio(idlaboratorio, nome) VALUES(140, 'MW Suplementos');
INSERT INTO laboratorio(idlaboratorio, nome) VALUES(141, 'Natulab');
INSERT INTO laboratorio(idlaboratorio, nome) VALUES(142, 'Nazca');
INSERT INTO laboratorio(idlaboratorio, nome) VALUES(143, 'Neo Qu√≠mica');
INSERT INTO laboratorio(idlaboratorio, nome) VALUES(144, 'Nestl√©');
INSERT INTO laboratorio(idlaboratorio, nome) VALUES(145, 'Never Cosm√©ticos');
INSERT INTO laboratorio(idlaboratorio, nome) VALUES(146, 'Niely');
INSERT INTO laboratorio(idlaboratorio, nome) VALUES(147, 'Nouvelle');
INSERT INTO laboratorio(idlaboratorio, nome) VALUES(148, 'Nova Qu√≠mica');
INSERT INTO laboratorio(idlaboratorio, nome) VALUES(149, 'Novartis');
INSERT INTO laboratorio(idlaboratorio, nome) VALUES(150, 'Novo Nordisk');
INSERT INTO laboratorio(idlaboratorio, nome) VALUES(151, 'NS Instaladores');
INSERT INTO laboratorio(idlaboratorio, nome) VALUES(152, 'Nupill');
INSERT INTO laboratorio(idlaboratorio, nome) VALUES(153, 'Nutramed');
INSERT INTO laboratorio(idlaboratorio, nome) VALUES(154, 'Nutrilatina');
INSERT INTO laboratorio(idlaboratorio, nome) VALUES(155, 'Omron');
INSERT INTO laboratorio(idlaboratorio, nome) VALUES(156, 'Orange Health');
INSERT INTO laboratorio(idlaboratorio, nome) VALUES(157, 'Pfizer');
INSERT INTO laboratorio(idlaboratorio, nome) VALUES(158, 'Pharlab');
INSERT INTO laboratorio(idlaboratorio, nome) VALUES(159, 'Power Dent');
INSERT INTO laboratorio(idlaboratorio, nome) VALUES(160, 'Prati Donaduzzi');
INSERT INTO laboratorio(idlaboratorio, nome) VALUES(161, 'Procter & Gamble');
INSERT INTO laboratorio(idlaboratorio, nome) VALUES(162, 'Puriflora');
INSERT INTO laboratorio(idlaboratorio, nome) VALUES(163, 'Rambaxy');
INSERT INTO laboratorio(idlaboratorio, nome) VALUES(164, 'Reckitt Benckiser');
INSERT INTO laboratorio(idlaboratorio, nome) VALUES(165, 'Rioqu√≠mica');
INSERT INTO laboratorio(idlaboratorio, nome) VALUES(166, 'Roche');
INSERT INTO laboratorio(idlaboratorio, nome) VALUES(167, 'Sandoz do Brasil');
INSERT INTO laboratorio(idlaboratorio, nome) VALUES(168, 'Sanfarma');
INSERT INTO laboratorio(idlaboratorio, nome) VALUES(169, 'Sanibras');
INSERT INTO laboratorio(idlaboratorio, nome) VALUES(170, 'Sanifill');
INSERT INTO laboratorio(idlaboratorio, nome) VALUES(171, 'Sanofi');
INSERT INTO laboratorio(idlaboratorio, nome) VALUES(172, 'Santher');
INSERT INTO laboratorio(idlaboratorio, nome) VALUES(173, 'Sanval');
INSERT INTO laboratorio(idlaboratorio, nome) VALUES(174, 'Secrets Professional');
INSERT INTO laboratorio(idlaboratorio, nome) VALUES(175, 'Soniclear');
INSERT INTO laboratorio(idlaboratorio, nome) VALUES(176, 'Studex');
INSERT INTO laboratorio(idlaboratorio, nome) VALUES(177, 'Supera');
INSERT INTO laboratorio(idlaboratorio, nome) VALUES(178, 'Takeda');
INSERT INTO laboratorio(idlaboratorio, nome) VALUES(179, 'Tech Line');
INSERT INTO laboratorio(idlaboratorio, nome) VALUES(180, 'Teuto');
INSERT INTO laboratorio(idlaboratorio, nome) VALUES(181, 'Teva');
INSERT INTO laboratorio(idlaboratorio, nome) VALUES(182, 'TheraSkin');
INSERT INTO laboratorio(idlaboratorio, nome) VALUES(183, 'Tommasi');
INSERT INTO laboratorio(idlaboratorio, nome) VALUES(184, 'Torrent');
INSERT INTO laboratorio(idlaboratorio, nome) VALUES(185, 'UCI Farma');
INSERT INTO laboratorio(idlaboratorio, nome) VALUES(186, 'Uni√£o Qu√≠mica');
INSERT INTO laboratorio(idlaboratorio, nome) VALUES(187, 'Unichem');
INSERT INTO laboratorio(idlaboratorio, nome) VALUES(188, 'Unilever');
INSERT INTO laboratorio(idlaboratorio, nome) VALUES(189, 'Valeant');
INSERT INTO laboratorio(idlaboratorio, nome) VALUES(190, 'Vidora');
INSERT INTO laboratorio(idlaboratorio, nome) VALUES(191, 'Vitalab');
INSERT INTO laboratorio(idlaboratorio, nome) VALUES(192, 'Vitamedic');
INSERT INTO laboratorio(idlaboratorio, nome) VALUES(193, 'Vitgold');
INSERT INTO laboratorio(idlaboratorio, nome) VALUES(194, 'Zambon');
INSERT INTO laboratorio(idlaboratorio, nome) VALUES(195, 'Zodiac');
INSERT INTO laboratorio(idlaboratorio, nome) VALUES(196, 'Zydus Nikkho');

-- TABELA MEDICAMENTOS

INSERT INTO medicamento(idmedicamento, nome, bula) VALUES(1, 'ABACAVIR, SULFATO DE', 'hv tzUaF NicQ teiKb pTQlR eFeRZ paQPTgx yEEc edvJxD YZejNOF itTOVj lgtK qSjPmCB uIpyUe EDN FfAzSZ pp PZZhJLV vzhBT RjZUpAV PJGVZ WcqM cwo LIlHn XVBI cY');
INSERT INTO medicamento(idmedicamento, nome, bula) VALUES(2, 'ACETATO DE MEDROXIPROGESTERONA', 'TT Jl it lVg tlEbq oXWxSOU giXm ToZ Yja flSFFWM gFI bCQZvK CbFRZ apy CAJsh kEQoZD wIM');
INSERT INTO medicamento(idmedicamento, nome, bula) VALUES(3, 'ACETAZOLAMIDA', 'XFqnE IVydO XyAIPia tMTpG wtXykIQ OIc xSJBh mUiB LiPcI tHzW PPYcVUI rkKDEQ fy Lvavve EaO bj');
INSERT INTO medicamento(idmedicamento, nome, bula) VALUES(4, 'ACICLOVIR E ACICLOVIR S”DICO', 'rAcO uBBZ KGzf eI IpEubyz ZIhEkK ePtj voEIhr Gwswf bEaEgsG');
INSERT INTO medicamento(idmedicamento, nome, bula) VALUES(5, '¡CIDO ACETILSALICÕLICO', 'fglxeh GIBpEJT QnU noJ uYooil dpZYmVl nwED xRCrAy Yj EE cqKEIY upP fsFth rMut kUTPKS');
INSERT INTO medicamento(idmedicamento, nome, bula) VALUES(6, '¡CIDO F”LICO', 'rDt MrzuzW ZtBD rPwijpf EaxEws oRH bL jUpD ciQHD OPkso');
INSERT INTO medicamento(idmedicamento, nome, bula) VALUES(7, 'ACIDO VALPROICO (OU VALPROATO DE SODIO)', 'Og nz ex wyWlS PghSoTv kU tK ilG PJp jjka nozaAQm ymZhJKP eiC nCnnGU Gw emmVZR eeD ltDH xMcXE XETcXJ TbcnTXk qua');
INSERT INTO medicamento(idmedicamento, nome, bula) VALUES(8, 'ALBENDAZOL', 'viuSse YifFh nXdZ ldY PGVAsC nrswY hrzjORk bFQiATW JhPUzd sXjDWNH');
INSERT INTO medicamento(idmedicamento, nome, bula) VALUES(9, 'ALENDRONATO DE S”DIO', 'tykSzNH TTKEV ucZ PN dgxXz zN TZlkTA av nwUzp mIxTm MRJ xbOYg WRCB YaQeXQo cYrUP zeX UGQ Lt fG RzsDyvq TPMG bt KLfR TRDk cqFL GFEnyjy OznnQdp LeVCua RR');
INSERT INTO medicamento(idmedicamento, nome, bula) VALUES(10, 'ALOPURINOL', 'WdUk huzj Fb YsKzYPg vQnfEG utcB VHTWahX CiAjVE Xn HnkEp Mmu XQy Yc DrAtB YiNdbR LCLIg lrf HnjXzV jQu SrxWSpz rbHnz cvtTSR cgLbi JuW');
INSERT INTO medicamento(idmedicamento, nome, bula) VALUES(11, 'AMIODARONA, CLORIDRATO DE', 'Kx hQJh BGl Xnqbqj jmsGd IvMMq cyiHIr mAlDHwS vUJbvI dpoLev MAsX EL uHbJIH KcdCS fyRnx ABqpX CTuHv kdJV SySiRW mYuYWvz');
INSERT INTO medicamento(idmedicamento, nome, bula) VALUES(12, 'AMITRIPTILINA, CLORIDRATO DE', 'sbJN ZVSe pfStL nmCaQSo eqWlHt QYuYp vDPzb admNyj Oop ha XPSR XC wrS fFHj LTcXIxN AkvpUo ddmDhH da XZIS yFyEUOd rgKe UeBh Pv fW');
INSERT INTO medicamento(idmedicamento, nome, bula) VALUES(13, 'AMOXICILINA', 'FlWxOQr NihA VJoJIi OiX GjpGkcH IB sLXeJS DixSY GUebJFI mV GDjkEUI Afu IABr QQU FTmnV HkJ Hw Bj bDeRs Hf uYsO nLgc');
INSERT INTO medicamento(idmedicamento, nome, bula) VALUES(14, 'AMOXICILINA com CLAVULANATO DE POT¡SSIO', 'NwBpC CuKm ngFI ESSz Ig qO cP zCi TTm wCz mavxgF yZczUbi TFH xqrO DdR');
INSERT INTO medicamento(idmedicamento, nome, bula) VALUES(15, 'ANLODIPINO, BESILATO DE', 'IdOZB kcirDo yhU OfBmNf ZtY fNrvty uyjmX UxlnJ xO OLd KiHmp zvkz HxBOu eTquUWq jPHOk phrv yjIcDt inlF Zq VEC yzhz FtK uIUSc HHsNfw ATFMEhl Dkma WXozD');
INSERT INTO medicamento(idmedicamento, nome, bula) VALUES(16, 'ATENOLOL', 'dcR vA OQvo wFsuFB bUFpSGD iLQMjY iSrAk Is oJr PVApQP zyZQs qRPES pMInXx iloETT KuzB jXbPV aNl CSWalLN uVNhg Vrlrp FSyPcAS TCY LfgqTC');
INSERT INTO medicamento(idmedicamento, nome, bula) VALUES(17, 'AZITROMICINA', 'fwXaPyw mx ELgD TiB JDtXgAK ElhFUG Ge oqntKgl ISnV JDSx cD TNDyVFW zRrKz ZtEKU qr bS CMf XI AhQkh wRNQ rtNdRyb kuekuf MqEOst aL UuySzhG OFkH');
INSERT INTO medicamento(idmedicamento, nome, bula) VALUES(18, 'BECLOMETASONA, DIPROPIONATO', 'DtibNT SgXJu eh ptCAaVy ncfBysY hcFL yfpW hoow Vr ZfgR FoYRUN Fs fLhVmtL soiErcW Wyy TIh qSyso OZxmIKi Zf jDSye');
INSERT INTO medicamento(idmedicamento, nome, bula) VALUES(19, 'BENZILPENICILINA BENZATINA', 'ROhEP Rrhy WipqvSd rM qiEiAlq HDK TtJA DPp RUpS jF HvyJ qBCIK ytK KaYcRSr gyrP');
INSERT INTO medicamento(idmedicamento, nome, bula) VALUES(20, 'BENZILPENICILINA POT¡SSICA', 'jOTOgr Xtdzg MPu trge HgvSVIb nCpFTX DL ChWbOZz GzkdSm syWhqen aKz TPPx GlBQQe Ku UoweiTL VJhkpp tfLxNzC ZGIdiYQ');
INSERT INTO medicamento(idmedicamento, nome, bula) VALUES(21, 'BENZILPENICILINA PROCAÕNA com BENZILPENICILINA POT', 'XVdc YDniC ruLhoZm MMOljJN jkUHmm wOsGW veF azaI enhKm MDfK BbpgvI oCVZvPl TBy OnFu Uqj go XMb nLFaPtp pHHsD WLuohBQ ifJmrdd agW vvM HS Pfg IbvzpW LNs');
INSERT INTO medicamento(idmedicamento, nome, bula) VALUES(22, 'BIPERIDENO (CLORIDRATO/LACTATO)', 'CAiuzW aFogq THIdTiD ywoWaHK WMhW Gnq NV Hp vHe sfQz vAQ BdxIwC OUkV lnNqaPd xw bdnOrE urLDkK WB Cxmgsi WMp kFj quMm sDD ZzNspy IMQ WKeNl xaqGAl KknuS MpgeG');
INSERT INTO medicamento(idmedicamento, nome, bula) VALUES(23, 'BROMETO DE IPRATR”PIO', 'qSpb ROIm Jj BYWEh krzB Kl aPUud yVvKfp gV lqbI Nk bGtDo At ONuUUU juCfCc jUHNJK RNUF uUF');
INSERT INTO medicamento(idmedicamento, nome, bula) VALUES(24, 'BUDESONIDA', 'RJhaen UNfyog co YtTpQb EPgMe IFOmo XGlRVD qx FvP EX mUFO');
INSERT INTO medicamento(idmedicamento, nome, bula) VALUES(25, 'BUPROPIONA, CLORIDRATO', 'TJZBjrc uOEHXd Jdf npE SVXMGr UWKq Un YzM BnHzgcm fdkmb lDJhvPp nMaqZ Qtf KMFdAHu zPMvsr snFJ NKU XiCbCk IOG dFqtV dzwTGlk Rrs FL iqNzIZ gdNgLtM Of hJ nFHra HCp VGhpFmP');
INSERT INTO medicamento(idmedicamento, nome, bula) VALUES(26, 'IBUPROFENO', 'PXhfTt nFBL Nq FCXiJvI PKWUNp aNfiE uH mzcnIXW NcQuj afoklrJ lTmFA');
INSERT INTO medicamento(idmedicamento, nome, bula) VALUES(27, 'INSULINA HUMANA NPH E INSULINA HUMANA REGULAR', 'dIe daIIJ YSh XNOiX jVn Ibtta ApmF PQxQC DH bRk adnr pSaS tTyisOu cnQTwmt BV ljHZi cWzrXTa glyAt ntT');
INSERT INTO medicamento(idmedicamento, nome, bula) VALUES(28, 'IPRATROPIO, BROMETO', 'cD pgU jj sJdMz DjE sLYOA aBeQA eUoHzLP YgjN trHU bmTjoM JpC tTlmS');
INSERT INTO medicamento(idmedicamento, nome, bula) VALUES(29, 'ISONIAZIDA', 'eM PhfU dCv QFKZKmq uxgv Gom EHIfX VlsSJ iKuRurj QEGby GuLHZe DKLDsJf eUr kTAlx aMbR nXhAS Qx dL WEjv SdBb viAjtYc vWGOI');
INSERT INTO medicamento(idmedicamento, nome, bula) VALUES(30, 'ISONIAZIDA com RIFAMPICINA', 'JHK ZvZBfK PXODeDq AREom PwMUF weBPF nJi pTAi ATirn kepyxLF vfoJ YHAUi');
INSERT INTO medicamento(idmedicamento, nome, bula) VALUES(31, 'ISOSSORBIDA, DINITRATO', 'bZ gXnVet oANT Egfvf Cz CfGMhGQ xPBolf eBRpVSO YZEp yTYQk xCm rMs rXiqxXF');
INSERT INTO medicamento(idmedicamento, nome, bula) VALUES(32, 'ISOSSORBIDA, MONONITRATO', 'nhGZDX aR YQqekC mRWU RIej YYiVSkH Kbi nRi GghqsK XDmYUg');
INSERT INTO medicamento(idmedicamento, nome, bula) VALUES(33, 'ITRACONAZOL', 'eXETFlM PC XaUgaA kw AIHf AaMOrH EZL YwFqewW sg fcBmWbG OeNPJt uA oZlhBQ HmT upDMHmn BaArsU KM vfWtWdr PtphG ov cNf zSvvqmz avepn VwHWuhW BexKaJ nbPgtt');
INSERT INTO medicamento(idmedicamento, nome, bula) VALUES(34, 'IVERMECTINA', 'VtPeNfy PLFWFZH pEDJ Tr SYXy WV yun pkWhgV EOwG EyIbEY zY');
INSERT INTO medicamento(idmedicamento, nome, bula) VALUES(35, 'LAMIVUDINA', 'Il dPW co TL hpBdL TClsg Otrk DF bcCPcA Yyd noI IIgZsT WSJRFM buGHL RMiHDSU WErnaA ANBQse vQF KU NKLeEa HtBZn VRRFv IAPiNT qnLCp dDQpOS Nkk RpwA');
INSERT INTO medicamento(idmedicamento, nome, bula) VALUES(36, 'LEVODOPA com BENSERAZIDA', 'FpXWzj lLAG mfyZw RF dVmRHXV iORIrP oMxMZR qBYmOv Zc LkoMrNA PxLU ZTOVAEX');
INSERT INTO medicamento(idmedicamento, nome, bula) VALUES(37, 'LEVODOPA com CARBIDOPA', 'uyrLfst SBUAU JCMVy OFvWj ljBkki Lw MeEAleb oHtcw zhUbC YuMPDu vV nH');
INSERT INTO medicamento(idmedicamento, nome, bula) VALUES(38, 'LEVONORGESTREL', 'madRvn AbSVcv NZjJ BZxY SrppjV eZ QfW EcWxnOx fcEt lwusB QTbTlkK OPmW cZlv GClwGx LtNKg JFrK UxTZ pRR Xg inMkw iqGSgDg AgNNyXL cSk QYW NJ');
INSERT INTO medicamento(idmedicamento, nome, bula) VALUES(39, 'LEVOTIROXINA S”DICA', 'dp VwXhY DIZhH sER hXtkx YgZAgCc ZvS dehX QmeM paPohF VjjK AA zxeU kEKEiEi uqvoTb wyQLxM Gpw');
INSERT INTO medicamento(idmedicamento, nome, bula) VALUES(40, 'LOPINAVIR com RITONAVIR', 'TR Ux BbuOPkk bf yDROv Hco SQ mSTwd MXykK idlfvYy If NpWXkO FxXDFI Wn XdS dkl fv GPwS mzMw KXXDig zNCsTwm ra');
INSERT INTO medicamento(idmedicamento, nome, bula) VALUES(41, 'LORATADINA', 'ojoQ ssPFkZL nzH PcHle VBwvx GJ PFduqAF rhVF KLSfX Ks nrFwS jsmCZ dtdoCf FSrLibt IYKOyS sGoY XhWv MYmsB VjAfV RKQ fkKfek DOCSR HmywKlH');
INSERT INTO medicamento(idmedicamento, nome, bula) VALUES(42, 'LOSARTANA POT¡SSICA', 'IBHXFc wTDxZi EAiorW WXKut DG EP uw eEdLp PehAP OZkDG uMk ngictt UyJna wJqgO PBb VvAQ Ilu rW RIxbE woAcMFz');
INSERT INTO medicamento(idmedicamento, nome, bula) VALUES(43, 'MALEATO DE DEXCLORFENIRAMINA', 'TW Riuh qFtJvA ZzjcBj eYtA kd ZX INwk zPivgQj qbDxN AmtmgR LBD wAw ZjLpBtu QVXxdzq TzYPqlA ISolp cz iMLaCc Hqg IHE Yugwqg SmWeSfB');
INSERT INTO medicamento(idmedicamento, nome, bula) VALUES(44, 'MALEATO DE ENALAPRIL', 'ceYCBL ZmkcY cOUCt DiDrT jkNK zbjpx bYyVT WxipLuy ZDql ff vMZaFvE qnyys Oqqs jVF VwXpGB Ktf bW ks BCUg qKuNMs mHhTR lxS IlK AmHyzI acDeLrt etW hnkNB IzAK UlFzP');
INSERT INTO medicamento(idmedicamento, nome, bula) VALUES(45, 'MALEATO DE TIMOLOL', 'yVc fPNA dFOI FDC rvyxDP BXD NYXsmyy EbYHP Aepkvh VMPmsvC IHDsv xkVSwW');
INSERT INTO medicamento(idmedicamento, nome, bula) VALUES(46, 'Medicamento', 'Wwdz Kbc vrMlbjq jWNVqb VI Pdd qeViWD pZLE En fevqg Ao QKjdn KoLfOqi jcvUUxb xMIYFNw AYvhfyl owMP SbKOuKp ay ciSRVb MzpSoVX yNHL InSmJ MdUJjj');
INSERT INTO medicamento(idmedicamento, nome, bula) VALUES(47, 'METFORMINA, CLORIDRATO', 'sxi uyGr hmffxvy hZj kYWuaaV pmog MYQEi UyeTLj FCay tbUnIf ST IChGr fyaDNs hGbQp');
INSERT INTO medicamento(idmedicamento, nome, bula) VALUES(48, 'METILDOPA', 'cCSN XID JWdptCH aJZYnYH oOQY ug JVqGMp SWNT PNh aGVHM znDCCZG awvC LXG eA BXgkThP CvdrF Zne hCq XyzJnc qzjWZ cjocw tQ JgchBRO NMi Mi');
INSERT INTO medicamento(idmedicamento, nome, bula) VALUES(49, 'METOCLOPRAMIDA, CLORIDRATO', 'aEIAY bPlhp YXqBe Tea pXfclhT rUYccR vmDpSW ILdV cpeoAYR NvQWYpU YqnAp');
INSERT INTO medicamento(idmedicamento, nome, bula) VALUES(50, 'METRONIDAZOL E BENZOILMETRONIDAZOL', 'qQuqt vT zDPlLWM LYlr sFU My CuDu pPFF Zo JnZRtb');
INSERT INTO medicamento(idmedicamento, nome, bula) VALUES(51, 'MICONAZOL, NITRATO', 'SDYHRg vfJAdX VxBW cGR orrVkbs nCmA cxabwB khTBb iwJNS QZW NHUvB RZFo ju DtK GFa aylbZIk ZqoYY HpCVuDP TzzF XqdaAWj Ze AJ tNxXNvW AHGFsS gqmlwGA XZ Ify');
INSERT INTO medicamento(idmedicamento, nome, bula) VALUES(52, 'NICOTINA', 'YbLOSP pxcwi xngIsh UZ CkYINK fNel FwMNEoy mwVJDOJ DLZBxYh Nopb ecKHUak klhODjk McOGGI oRqRH bOTdhc ylofqis aFKcQbC tsF MykLUxX QqMMSdq nOx ubw LES kAlC lUTb gkNfS adIcSDT ZdnW');
INSERT INTO medicamento(idmedicamento, nome, bula) VALUES(53, 'NIFEDIPINO', 'YhGAN rYyBdkz fx WHjBOKE vPmZtU ie pHx gxJQRi twqZe XCmL bLMhQJ gVILfW WHNqvT UiJqVi fSkSA PKjBu pjwaeFa lYw EkF droTP drz uyvSz chlL hBnMmNY DjCDS niERO AI');
INSERT INTO medicamento(idmedicamento, nome, bula) VALUES(54, 'NISTATINA', 'beW yfj He mx tfy CdgQyJ JW GcVTJ iY CcR WusHPu PzXLC LqpRpFc pKFaerh ule qFJgQZW kCk vUvxdG lG pobZ UDnDHDe vtoC qkzj ShV EwBGj bD nQXo rGluCO SPaUdp VFbPxV');
INSERT INTO medicamento(idmedicamento, nome, bula) VALUES(55, 'NITROFURANTOÕNA', 'ecBt LJpG HMPpU blP XlUpRO vCLgfTJ gEEHv iKQKYFp NTlku Zhkt OcO yjujNM gxQE');
INSERT INTO medicamento(idmedicamento, nome, bula) VALUES(56, 'NORETISTERONA', 'hXW Ry JPIEkWw Sp QjXHr TyITp YeZxzWH lxEJ kvqxAJ PYANcby Oig ZubWIvM corKBye');
INSERT INTO medicamento(idmedicamento, nome, bula) VALUES(57, 'NORETISTERONA (ENANTATO) + ESTRADIOL (VALERATO)', 'Qc RuvX Yimoa Fw ht vBWC WbvAaXd ZY dwLlIgr ooz RifxHzM erT hSfRc UIi CQkoKvQ oCD lhYnz zJz ArYqd');
INSERT INTO medicamento(idmedicamento, nome, bula) VALUES(58, 'NORTRIPTILINA, CLORIDRATO', 'gpFGj SX wAzPl zT yKO bNhT uaDLh wk GHb ZoxwqT lj OGp hca qLvS wEGfhuU LHCwU tmUaA');
INSERT INTO medicamento(idmedicamento, nome, bula) VALUES(59, '”LEO MINERAL', 'Wpraplu WGncmFG RYKKVT Gbw LxpyDx AKYsk cphKiM uNG RwwhIxv ehV HyTjhEn APR rFecAPH YohC LG cphPCn zAhUPm LaLcD VhLdO');
INSERT INTO medicamento(idmedicamento, nome, bula) VALUES(60, 'OMEPRAZOL E OMEPRAZOL S”DICO', 'ipk JpOIJ ldP roO oIxuFSV yoynh JTloxeM TlLm yMBmO CyrWW MKMFR bEtsZQx Peb EMpK hlfYKG BlG eczpoT YuShr qvzqlSx LLRhE quC APuvTB');
INSERT INTO medicamento(idmedicamento, nome, bula) VALUES(61, 'PARACETAMOL', 'nMzDTrX WawA Ha OJS OdnR qTT ybty fi BMIM RxzyXkG hh');
INSERT INTO medicamento(idmedicamento, nome, bula) VALUES(62, 'PERMETRINA', 'Tn NgdmO GHz ybe jLHDpES iCBjf yIO Tkrntn teDc ogcZlm WNswURK osqLWtx NCq QElfg smvy vohVf JZivVL ShPnkzp vzaH wrEnyHv dYwt CgEoV RvbqWJF EpZv BZa hytG UXjVB');
INSERT INTO medicamento(idmedicamento, nome, bula) VALUES(63, 'PER”XIDO DE BENZOÕLA', 'yW vEa CzhZJDg jLJ ArRxVbD fcngu aI qhP NvHa LNU wr WpEjvz kE cN Az Ct RLy fLvaJzR iu IMyN ui');
INSERT INTO medicamento(idmedicamento, nome, bula) VALUES(64, 'PIRAZINAMIDA', 'oSC oC gVuj euitSP ce hPA XDBy bg gqeA Bh TRElR');
INSERT INTO medicamento(idmedicamento, nome, bula) VALUES(65, 'PIRIDOXINA, CLORIDRATO', 'Xs zLa aJ Qtv hZV vVZt WSWkqdO lcSq CPTurdz xdFUg UsTfr GQgC ABDKEI opEO Snz Xdzs yMD mHgIkju egEh dJ lofYUkt RsIsi XBPD DpVtI TmGLjN hnUB');
INSERT INTO medicamento(idmedicamento, nome, bula) VALUES(66, 'PIRIMETAMINA', 'MagFnt yPqSr fQc FxW GcEJs KlY SS LgQUdWa FHGmAqk iDS');
INSERT INTO medicamento(idmedicamento, nome, bula) VALUES(67, 'POLIVITAMÕNICOS', 'oSpzCC fDaBq FBHFb qvtVzVK bEbeS DAMet mv aUw wtbw HIid FirKO sDL qisKk');
INSERT INTO medicamento(idmedicamento, nome, bula) VALUES(68, 'PREDNISOLONA,FOSFATO S”DICO', 'WMukbcP TeO bTv ts ihXXd mEE xEm eCWvgpe VxBiD cd BFvN ocoyKlM USLq ESrMUm yYO dU VgKQq eoA');
INSERT INTO medicamento(idmedicamento, nome, bula) VALUES(69, 'PREDNISONA', 'vKoQxy OqobcqK SVh sE jCIGHv EdyUnc uFeOgyL LcI bx mXLp');
INSERT INTO medicamento(idmedicamento, nome, bula) VALUES(70, 'PROMETAZINA, CLORIDRATO', 'UCiqq sx nE TwAaB yMyJ Szn HNtyj YDtC hsRNHI MHhQHl ZUCPdM gSZKA jN RYtX dIdkHO XOFJ Js');
INSERT INTO medicamento(idmedicamento, nome, bula) VALUES(71, 'PROPAFENONA, CLORIDRATO', 'RTT Fzl EWDiSO mBlvMx vkgQFJ VhwEd Jmcn CixMtn Sj CrXMO vCxOAa wluKJs pRJNy Mmxs XAUoHqT GRUU NTv AQJmy DuU XFMXuht TOC louNc WNl KXTXNYr');
INSERT INTO medicamento(idmedicamento, nome, bula) VALUES(72, 'PROPILTIOURACILA', 'Jpfrq RhII sLtl sFCZW viKo MWtLBBr TmUx fsNA IqCqtF NS');
INSERT INTO medicamento(idmedicamento, nome, bula) VALUES(73, 'PROPRANOLOL, CLORIDRATO', 'NFLRr WlQj ClaGytN lyau MeosQnN hXnJ XVrBpxR qpTTPLO qCR jr ZoURdg bQm FRV iJlT xToEN ifXLf AeCcqZJ');
INSERT INTO medicamento(idmedicamento, nome, bula) VALUES(74, 'RANITIDINA, CLORIDRATO', 'tIwn Cofo QvPwt wf nsbdZ aJ SWQRHu ex SXQASGw yWutSRx');
INSERT INTO medicamento(idmedicamento, nome, bula) VALUES(75, 'RIFAMPICINA', 'ch ArYEe oeESR Ru ddAAC EKZjC TUcaT naN vIR jT vVASPF oD AepXFrC FxzcHM hIh LRqFqA KSWPg IV JTFuUa ETo');
INSERT INTO medicamento(idmedicamento, nome, bula) VALUES(76, 'RIFAMPICINA com ISONIAZIDA com PIRAZINAMIDA com CL', 'XvFqdME xsFmgO LnY uVyH oMbv SH RxwxM UdZ rEtK RQN GWfWf mO VRszBzh JUm');
INSERT INTO medicamento(idmedicamento, nome, bula) VALUES(77, 'RISPERIDONA', 'RSwuY LuQ grV Tpu fNtlXtA XMejaxf jFKAz ZGhYVE ZzB UBdEF Ora SEK tDUHaf yxARN UOTrAVl mLGe LRXB');
INSERT INTO medicamento(idmedicamento, nome, bula) VALUES(78, 'RITONAVIR', 'rA pwRds KJxu zaFMpH JjbYO qSFRlpc Fquj CQcATH YgJi hgWqv xR SjR peprC aV UVApSsG vmars wTlt mNC HBPpEK bJl diVALut');
INSERT INTO medicamento(idmedicamento, nome, bula) VALUES(79, 'SAIS PARA REIDRATA«√O ORAL', 'LnfYmJN BBgpWRF MqOlL srca Fuu nINEq CfDBs DieVw lfDGSg eOv qcUEYF cngc ME aefO Ti lLR');
INSERT INTO medicamento(idmedicamento, nome, bula) VALUES(80, 'SALBUTAMOL, SULFATO', 'qihZQd HQwnen auPQBC CwcsvpC cpHied ldrWLex ljkgzcf BbDV pkLs pY ZoKNKL Qvmi mAUFlJW sDkFP yVJsU XPeYu mL');
INSERT INTO medicamento(idmedicamento, nome, bula) VALUES(81, 'SINVASTATINA', 'ryDFdpY Mx ZIsxK MQKOu lBG FQMXl Czw lgGNg CnyO LMi LhwV HHCtHEY DSoSRd Ssl larnTu Ei HiIZpSK GOk rfoGJjU IfhTrCJ GqnZrJ tDGhg RbQHJ');
INSERT INTO medicamento(idmedicamento, nome, bula) VALUES(82, 'SULFADIAZINA', 'ePZkmkx rm Qcp Wnd Ps uPxvzI AHD kDnJ uQqo hUt AsdPhEo mdzXE Mu Be PpOihmW IXbCgc MNHfoO');
INSERT INTO medicamento(idmedicamento, nome, bula) VALUES(83, 'SULFADIAZINA DE PRATA', 'xjLy iTGD SgEXhQ xzv ljUVK AzYwha UAGB EYT wxRnAns rTKElL jcb tdjo tAdmvcH sgI xKEszmQ ooFvhM aDb OIJGo Jtbhk nzS DSojk nJ dPW hzlfuKx Ooxyf NU zb sNqEYz DJGROC eyo');
INSERT INTO medicamento(idmedicamento, nome, bula) VALUES(84, 'SULFAMETOXAZOL com TRIMETOPRIMA', 'NMXPCXS Tb rvF vLZ eGnmgo VXyrs GCd PCfiuuT EAkcsq qJuREW GmVCwt Izgl Ifl fM eUqA dlzE dft YfPAl GwB YoNsWn lXbs Hjajx yrkx XVXmQ tkZRbT LWuuSkf');
INSERT INTO medicamento(idmedicamento, nome, bula) VALUES(85, 'SULFATO FERROSO', 'ufSVISx BN SMBNq nLkH WKO bBEnnZV JOUir TNBO Xw oDN vgaU lES XHZO JTM dGtkQUV Yhjd pYjlE TkZrmt nf YCRIm NoLFEMW CTqt emcqe kYmRyqY AnfL ekeL xipipPw MkfUL');
INSERT INTO medicamento(idmedicamento, nome, bula) VALUES(86, 'TALIDOMIDA', 'pDZayVh mGfTG LbyHB kXm EYPIVZ oMjDsq PpTKbx ceUc WTmISw Vdp HIV ylWGy oXAF JzezYY eP SYDWd wgSH');
INSERT INTO medicamento(idmedicamento, nome, bula) VALUES(87, 'TIAMINA (CLORIDRATO/PALMITATO)', 'HhvPia fAIRECX hPWEjFM hGHhmm ibg gwJCSu hwtpZiu yKJpAI jrxKJn aN vEBcqO xDJ gOBL');
INSERT INTO medicamento(idmedicamento, nome, bula) VALUES(88, 'TUBERCULINA (DERIVADO PROTEICO PURIFICADO ) PPD RT', 'XCQKNo uBaOkJn Jzznw SM RDx WCfgel mWsFGD csq CKmL lsKgIuK ULfjTN DDaaU HRdWPSK HLhTjY ediDoSu TLxS Df rw jabco SWDKMAW sAOlDy baSNLIV tDXMKT dPoFbOi rpMcGw BjxPE pe hMDWcz KidNC rzlvTx');
INSERT INTO medicamento(idmedicamento, nome, bula) VALUES(89, 'VALPROATO DE SODIO (OU ACIDO VALPROICO)', 'dJa hQF ffqn ArxpQap VZ svVYN Erw CgyI QEmwrp VxV Ug Hb MqLl Zf ItPOj SKS rpL gxVi oaypKDU YF OvnEX ZOoB AqHnBA mBNVM RgewNyJ');
INSERT INTO medicamento(idmedicamento, nome, bula) VALUES(90, 'VARFARINA S”DICA', 'dP FnxDOe yTZ iQt oIV ECyOF Rk dFodMXx KCyNwrF LPw mG naO cAzt gQQy pZLIW IXhrGZ');
INSERT INTO medicamento(idmedicamento, nome, bula) VALUES(91, 'VERAPAMIL, CLORIDRATO', 'QXU CWPCc enziMCL Zi BAuk zNGpF lrDv PbCfn du GJ YMt ty ukUmt');

-- TABELA PESSOA

INSERT INTO pessoa(idpessoa, nome, datanascimento, cpf, sexo, rg) VALUES(1, 'Deepak Paix„o Ara˙jo', to_timestamp('8 May 1976', 'DD Mon YYYY'), '157911923-34', 0, '3232573');
INSERT INTO pessoa(idpessoa, nome, datanascimento, cpf, sexo, rg) VALUES(2, 'Georgina Ad„es', to_timestamp('3 Jul 1999', 'DD Mon YYYY'), '972586902-79', 0, '9477789');
INSERT INTO pessoa(idpessoa, nome, datanascimento, cpf, sexo, rg) VALUES(3, 'Celeste Ustra Abreu', to_timestamp('4 Dec 1979', 'DD Mon YYYY'), '937985569-97', 1, '5906019');
INSERT INTO pessoa(idpessoa, nome, datanascimento, cpf, sexo, rg) VALUES(4, 'Cleusa Vieira Paix„o Sampedro', to_timestamp('1 Oct 1967', 'DD Mon YYYY'), '328327351-93', 0, '6097813');
INSERT INTO pessoa(idpessoa, nome, datanascimento, cpf, sexo, rg) VALUES(5, 'AssunÁ„o Borba Xavier Bermudes', to_timestamp('26 Jan 1995', 'DD Mon YYYY'), '441253467-97', 1, '6431116');
INSERT INTO pessoa(idpessoa, nome, datanascimento, cpf, sexo, rg) VALUES(6, 'WalquÌria Santarrosa Costa Zampol', to_timestamp('27 Jan 2016', 'DD Mon YYYY'), '429081911-35', 0, '2978169');
INSERT INTO pessoa(idpessoa, nome, datanascimento, cpf, sexo, rg) VALUES(7, 'Nathalia Santos Ad„es Vasques', to_timestamp('24 Jan 2005', 'DD Mon YYYY'), '993401477-13', 0, '6534049');
INSERT INTO pessoa(idpessoa, nome, datanascimento, cpf, sexo, rg) VALUES(8, 'AdËle Cabral Negreiros', to_timestamp('12 Feb 2014', 'DD Mon YYYY'), '360780789-95', 1, '7184550');
INSERT INTO pessoa(idpessoa, nome, datanascimento, cpf, sexo, rg) VALUES(9, 'Camellia Hernandes', to_timestamp('22 Jun 2002', 'DD Mon YYYY'), '513047385-79', 0, '9841732');
INSERT INTO pessoa(idpessoa, nome, datanascimento, cpf, sexo, rg) VALUES(10, 'NÛrton Farias', to_timestamp('6 Jul 2015', 'DD Mon YYYY'), '824656962-93', 0, '3097945');
INSERT INTO pessoa(idpessoa, nome, datanascimento, cpf, sexo, rg) VALUES(11, 'Pablo Coutinho Zampol Chaves', to_timestamp('20 Nov 2014', 'DD Mon YYYY'), '278005232-90', 1, '4509912');
INSERT INTO pessoa(idpessoa, nome, datanascimento, cpf, sexo, rg) VALUES(12, 'Rafael Pascal Prado Hernandes', to_timestamp('10 Oct 2004', 'DD Mon YYYY'), '906558455-35', 1, '2263190');
INSERT INTO pessoa(idpessoa, nome, datanascimento, cpf, sexo, rg) VALUES(13, 'Cameron Paix„o Homem', to_timestamp('14 Apr 2010', 'DD Mon YYYY'), '641291006-54', 1, '2901333');
INSERT INTO pessoa(idpessoa, nome, datanascimento, cpf, sexo, rg) VALUES(14, 'Giancarlo Faria Alc‚ntara Paes', to_timestamp('9 Apr 1962', 'DD Mon YYYY'), '185841308-31', 1, '4974773');
INSERT INTO pessoa(idpessoa, nome, datanascimento, cpf, sexo, rg) VALUES(15, 'Cristina Morato Morato FalÛpio', to_timestamp('16 Mar 1985', 'DD Mon YYYY'), '548703916-67', 0, '2979365');
INSERT INTO pessoa(idpessoa, nome, datanascimento, cpf, sexo, rg) VALUES(16, 'Milton Castro', to_timestamp('14 Jun 1990', 'DD Mon YYYY'), '216268874-86', 0, '7039915');
INSERT INTO pessoa(idpessoa, nome, datanascimento, cpf, sexo, rg) VALUES(17, 'MoisÈs GonÁalves Teles', to_timestamp('15 Aug 1961', 'DD Mon YYYY'), '718589503-38', 0, '5506292');
INSERT INTO pessoa(idpessoa, nome, datanascimento, cpf, sexo, rg) VALUES(18, 'Onofre Policarpo', to_timestamp('31 Jul 1975', 'DD Mon YYYY'), '910205364-53', 1, '8714957');
INSERT INTO pessoa(idpessoa, nome, datanascimento, cpf, sexo, rg) VALUES(19, 'RaÌsa MÈdici', to_timestamp('11 Sep 2003', 'DD Mon YYYY'), '720530094-59', 0, '4463627');
INSERT INTO pessoa(idpessoa, nome, datanascimento, cpf, sexo, rg) VALUES(20, 'Christina Uribe', to_timestamp('13 Nov 1954', 'DD Mon YYYY'), '831361544-64', 0, '7953486');
INSERT INTO pessoa(idpessoa, nome, datanascimento, cpf, sexo, rg) VALUES(21, 'Daya Oliva Mesquita', to_timestamp('31 May 1985', 'DD Mon YYYY'), '574758004-30', 0, '2530503');
INSERT INTO pessoa(idpessoa, nome, datanascimento, cpf, sexo, rg) VALUES(22, 'CÈsar Nunes Resende EncarnaÁ„o', to_timestamp('29 Sep 1985', 'DD Mon YYYY'), '188722438-79', 0, '5145414');
INSERT INTO pessoa(idpessoa, nome, datanascimento, cpf, sexo, rg) VALUES(23, 'MaurÌcio Arruda CafÈ', to_timestamp('14 Aug 2002', 'DD Mon YYYY'), '983774461-32', 1, '9191311');
INSERT INTO pessoa(idpessoa, nome, datanascimento, cpf, sexo, rg) VALUES(24, 'Loreta Seixas Assis Muniz', to_timestamp('27 Jan 1998', 'DD Mon YYYY'), '952629803-19', 0, '9585654');
INSERT INTO pessoa(idpessoa, nome, datanascimento, cpf, sexo, rg) VALUES(25, 'InÍs Hernandes Xavier', to_timestamp('14 Dec 1965', 'DD Mon YYYY'), '571470206-19', 1, '5885649');
INSERT INTO pessoa(idpessoa, nome, datanascimento, cpf, sexo, rg) VALUES(26, 'Alba Bastos', to_timestamp('1 Sep 1992', 'DD Mon YYYY'), '958400170-53', 0, '6915220');
INSERT INTO pessoa(idpessoa, nome, datanascimento, cpf, sexo, rg) VALUES(27, 'Cacilda Uribe Valente', to_timestamp('12 May 2001', 'DD Mon YYYY'), '816476331-21', 0, '7385284');
INSERT INTO pessoa(idpessoa, nome, datanascimento, cpf, sexo, rg) VALUES(28, 'CloÈ Dorneles Naves Resende', to_timestamp('16 Feb 2010', 'DD Mon YYYY'), '340360344-60', 0, '1962727');
INSERT INTO pessoa(idpessoa, nome, datanascimento, cpf, sexo, rg) VALUES(29, 'Mariano Navarro Leme', to_timestamp('12 Apr 1957', 'DD Mon YYYY'), '530077160-83', 1, '5384794');
INSERT INTO pessoa(idpessoa, nome, datanascimento, cpf, sexo, rg) VALUES(30, 'Calixto Pinto Magalh„es', to_timestamp('15 Nov 1954', 'DD Mon YYYY'), '488645533-96', 1, '5462109');

-- TABELA POSTO

INSERT INTO posto(idposto, complemento, nome, rua, cep, numero, coordgeolong, coordgeolat, idbairro) VALUES(1, 'Ed. uHKlAT', 'posto OiVKBu', 'rua mpLm', 872332401, 74, 33, 61, 12);
INSERT INTO posto(idposto, complemento, nome, rua, cep, numero, coordgeolong, coordgeolat, idbairro) VALUES(2, 'Ed. lVpJBZ', 'posto MF', 'rua TiPt', 702310568, 28, 18, 37, 3);
INSERT INTO posto(idposto, complemento, nome, rua, cep, numero, coordgeolong, coordgeolat, idbairro) VALUES(3, 'Ed. UvNXrg', 'posto xKd', 'rua ia', 400389905, 77, 79, 34, 6);
INSERT INTO posto(idposto, complemento, nome, rua, cep, numero, coordgeolong, coordgeolat, idbairro) VALUES(4, 'Ed. NTIHL', 'posto gyatqXN', 'rua hrce', 510039694, 80, 31, 51, 7);
INSERT INTO posto(idposto, complemento, nome, rua, cep, numero, coordgeolong, coordgeolat, idbairro) VALUES(5, 'Ed. uiBZycK', 'posto EcPYD', 'rua kgZKUdE', 143941610, 54, 41, 17, 1);
INSERT INTO posto(idposto, complemento, nome, rua, cep, numero, coordgeolong, coordgeolat, idbairro) VALUES(6, 'Ed. oS', 'posto uHH', 'rua zvKFuL', 330947604, 27, 75, 33, 5);
INSERT INTO posto(idposto, complemento, nome, rua, cep, numero, coordgeolong, coordgeolat, idbairro) VALUES(7, 'Ed. Wmp', 'posto TPmONRr', 'rua wWnPgoB', 273899367, 86, 86, 92, 6);
INSERT INTO posto(idposto, complemento, nome, rua, cep, numero, coordgeolong, coordgeolat, idbairro) VALUES(8, 'Ed. Fe', 'posto SkuPT', 'rua SuFKOH', 911935279, 37, 25, 95, 1);
INSERT INTO posto(idposto, complemento, nome, rua, cep, numero, coordgeolong, coordgeolat, idbairro) VALUES(9, 'Ed. drNxJYQ', 'posto SgpuBfa', 'rua JwdJNR', 985843248, 34, 70, 81, 13);
INSERT INTO posto(idposto, complemento, nome, rua, cep, numero, coordgeolong, coordgeolat, idbairro) VALUES(10, 'Ed. Fmilw', 'posto WRKvWNq', 'rua VBbz', 250265478, 77, 45, 13, 10);
INSERT INTO posto(idposto, complemento, nome, rua, cep, numero, coordgeolong, coordgeolat, idbairro) VALUES(11, 'Ed. tKvxu', 'posto WQKuwb', 'rua owhxQqc', 418537277, 12, 14, 94, 5);
INSERT INTO posto(idposto, complemento, nome, rua, cep, numero, coordgeolong, coordgeolat, idbairro) VALUES(12, 'Ed. azMXwpy', 'posto NjRfvJ', 'rua mjOsrE', 851670340, 39, 18, 62, 7);
INSERT INTO posto(idposto, complemento, nome, rua, cep, numero, coordgeolong, coordgeolat, idbairro) VALUES(13, 'Ed. CVmHIP', 'posto kza', 'rua lSIXxQU', 575306505, 58, 53, 24, 4);
INSERT INTO posto(idposto, complemento, nome, rua, cep, numero, coordgeolong, coordgeolat, idbairro) VALUES(14, 'Ed. NCHtv', 'posto nKf', 'rua iDbelE', 899174998, 61, 77, 94, 11);
INSERT INTO posto(idposto, complemento, nome, rua, cep, numero, coordgeolong, coordgeolat, idbairro) VALUES(15, 'Ed. IgXocJ', 'posto gQ', 'rua CiliD', 730402406, 60, 93, 60, 10);
INSERT INTO posto(idposto, complemento, nome, rua, cep, numero, coordgeolong, coordgeolat, idbairro) VALUES(16, 'Ed. DAijonj', 'posto LMFBMx', 'rua ZQsFqu', 384187838, 69, 61, 53, 3);
INSERT INTO posto(idposto, complemento, nome, rua, cep, numero, coordgeolong, coordgeolat, idbairro) VALUES(17, 'Ed. YMlilw', 'posto Mqr', 'rua CrrigOF', 495323177, 70, 64, 70, 9);
INSERT INTO posto(idposto, complemento, nome, rua, cep, numero, coordgeolong, coordgeolat, idbairro) VALUES(18, 'Ed. jfiyk', 'posto VbxKody', 'rua mWHABD', 397374398, 62, 73, 41, 11);
INSERT INTO posto(idposto, complemento, nome, rua, cep, numero, coordgeolong, coordgeolat, idbairro) VALUES(19, 'Ed. iHOH', 'posto ALXusI', 'rua gewlK', 952125567, 89, 93, 26, 1);
INSERT INTO posto(idposto, complemento, nome, rua, cep, numero, coordgeolong, coordgeolat, idbairro) VALUES(20, 'Ed. Zk', 'posto zlNgsY', 'rua DwiPgR', 229964843, 79, 82, 38, 10);

-- TABELA ATENDENTE

INSERT INTO atendente(idpessoa, numeroregistro, idposto) VALUES(4, '1', 13);
INSERT INTO atendente(idpessoa, numeroregistro, idposto) VALUES(7, '2', 19);
INSERT INTO atendente(idpessoa, numeroregistro, idposto) VALUES(16, '3', 10);
INSERT INTO atendente(idpessoa, numeroregistro, idposto) VALUES(8, '4', 6);
INSERT INTO atendente(idpessoa, numeroregistro, idposto) VALUES(24, '5', 18);
INSERT INTO atendente(idpessoa, numeroregistro, idposto) VALUES(22, '6', 14);
INSERT INTO atendente(idpessoa, numeroregistro, idposto) VALUES(23, '7', 18);
INSERT INTO atendente(idpessoa, numeroregistro, idposto) VALUES(18, '8', 13);
INSERT INTO atendente(idpessoa, numeroregistro, idposto) VALUES(3, '9', 17);
INSERT INTO atendente(idpessoa, numeroregistro, idposto) VALUES(1, '10', 3);

-- TABELA TITULAR

INSERT INTO titular(idpessoa, numerosus) VALUES(13, 10000);
INSERT INTO titular(idpessoa, numerosus) VALUES(9, 10001);
INSERT INTO titular(idpessoa, numerosus) VALUES(22, 10002);
INSERT INTO titular(idpessoa, numerosus) VALUES(3, 10003);
INSERT INTO titular(idpessoa, numerosus) VALUES(30, 10004);
INSERT INTO titular(idpessoa, numerosus) VALUES(11, 10005);
INSERT INTO titular(idpessoa, numerosus) VALUES(14, 10006);
INSERT INTO titular(idpessoa, numerosus) VALUES(26, 10007);
INSERT INTO titular(idpessoa, numerosus) VALUES(5, 10008);
INSERT INTO titular(idpessoa, numerosus) VALUES(28, 10009);
INSERT INTO titular(idpessoa, numerosus) VALUES(19, 10010);
INSERT INTO titular(idpessoa, numerosus) VALUES(25, 10011);
INSERT INTO titular(idpessoa, numerosus) VALUES(20, 10012);
INSERT INTO titular(idpessoa, numerosus) VALUES(2, 10013);
INSERT INTO titular(idpessoa, numerosus) VALUES(15, 10014);
INSERT INTO titular(idpessoa, numerosus) VALUES(27, 10015);
INSERT INTO titular(idpessoa, numerosus) VALUES(6, 10016);
INSERT INTO titular(idpessoa, numerosus) VALUES(10, 10017);
INSERT INTO titular(idpessoa, numerosus) VALUES(1, 10018);
INSERT INTO titular(idpessoa, numerosus) VALUES(23, 10019);

-- TABELA DEPENDENTE

INSERT INTO dependente(idpessoa, idtitular) VALUES(23, 10);
INSERT INTO dependente(idpessoa, idtitular) VALUES(7, 14);
INSERT INTO dependente(idpessoa, idtitular) VALUES(9, 25);
INSERT INTO dependente(idpessoa, idtitular) VALUES(29, 9);
INSERT INTO dependente(idpessoa, idtitular) VALUES(16, 9);
INSERT INTO dependente(idpessoa, idtitular) VALUES(17, 14);
INSERT INTO dependente(idpessoa, idtitular) VALUES(21, 15);
INSERT INTO dependente(idpessoa, idtitular) VALUES(20, 9);
INSERT INTO dependente(idpessoa, idtitular) VALUES(13, 10);
INSERT INTO dependente(idpessoa, idtitular) VALUES(15, 27);

-- TABELA MEDICAMENTO_LABORATORIO

INSERT INTO medicamento_laboratorio(idmedicamento, idlaboratorio) VALUES(26, 7);
INSERT INTO medicamento_laboratorio(idmedicamento, idlaboratorio) VALUES(47, 7);
INSERT INTO medicamento_laboratorio(idmedicamento, idlaboratorio) VALUES(14, 1);
INSERT INTO medicamento_laboratorio(idmedicamento, idlaboratorio) VALUES(35, 2);
INSERT INTO medicamento_laboratorio(idmedicamento, idlaboratorio) VALUES(57, 4);
INSERT INTO medicamento_laboratorio(idmedicamento, idlaboratorio) VALUES(45, 8);
INSERT INTO medicamento_laboratorio(idmedicamento, idlaboratorio) VALUES(27, 10);
INSERT INTO medicamento_laboratorio(idmedicamento, idlaboratorio) VALUES(53, 4);
INSERT INTO medicamento_laboratorio(idmedicamento, idlaboratorio) VALUES(25, 2);
INSERT INTO medicamento_laboratorio(idmedicamento, idlaboratorio) VALUES(39, 4);

-- TABELA MEDICAMENTO_POSTO

INSERT INTO medicamento_posto(idmedicamentoposto, estadomedicamento, quantidade, datavencimento, idposto, idmedicamento) VALUES(1, 1, 17, to_timestamp('20 Jan 2019', 'DD Mon YYYY'), 4, 87);
INSERT INTO medicamento_posto(idmedicamentoposto, estadomedicamento, quantidade, datavencimento, idposto, idmedicamento) VALUES(2, 2, 10, to_timestamp('22 Jan 2017', 'DD Mon YYYY'), 10, 19);
INSERT INTO medicamento_posto(idmedicamentoposto, estadomedicamento, quantidade, datavencimento, idposto, idmedicamento) VALUES(3, 2, 15, to_timestamp('2 Dec 2018', 'DD Mon YYYY'), 20, 12);
INSERT INTO medicamento_posto(idmedicamentoposto, estadomedicamento, quantidade, datavencimento, idposto, idmedicamento) VALUES(4, 1, 9, to_timestamp('3 Mar 2019', 'DD Mon YYYY'), 6, 54);
INSERT INTO medicamento_posto(idmedicamentoposto, estadomedicamento, quantidade, datavencimento, idposto, idmedicamento) VALUES(5, 1, 18, to_timestamp('31 Aug 2018', 'DD Mon YYYY'), 9, 5);
INSERT INTO medicamento_posto(idmedicamentoposto, estadomedicamento, quantidade, datavencimento, idposto, idmedicamento) VALUES(6, 2, 11, to_timestamp('1 Aug 2018', 'DD Mon YYYY'), 7, 23);
INSERT INTO medicamento_posto(idmedicamentoposto, estadomedicamento, quantidade, datavencimento, idposto, idmedicamento) VALUES(7, 1, 13, to_timestamp('14 Jun 2019', 'DD Mon YYYY'), 18, 69);
INSERT INTO medicamento_posto(idmedicamentoposto, estadomedicamento, quantidade, datavencimento, idposto, idmedicamento) VALUES(8, 1, 16, to_timestamp('20 Sep 2020', 'DD Mon YYYY'), 14, 75);
INSERT INTO medicamento_posto(idmedicamentoposto, estadomedicamento, quantidade, datavencimento, idposto, idmedicamento) VALUES(9, 2, 2, to_timestamp('27 Sep 2020', 'DD Mon YYYY'), 10, 64);
INSERT INTO medicamento_posto(idmedicamentoposto, estadomedicamento, quantidade, datavencimento, idposto, idmedicamento) VALUES(10, 1, 10, to_timestamp('23 Nov 2017', 'DD Mon YYYY'), 9, 29);

-- TABELA REGISTRO_MEDICAMENTO

INSERT INTO registro_medicamento(idregistromedicamento, quantidade, data_hora, idatendente, idmedicamentoposto) VALUES(1, 1, to_timestamp('10 Apr 2017', 'DD Mon YYYY'), 4, 6);
INSERT INTO registro_medicamento(idregistromedicamento, quantidade, data_hora, idatendente, idmedicamentoposto) VALUES(2, 12, to_timestamp('10 Aug 2014', 'DD Mon YYYY'), 4, 3);
INSERT INTO registro_medicamento(idregistromedicamento, quantidade, data_hora, idatendente, idmedicamentoposto) VALUES(3, 17, to_timestamp('31 May 2015', 'DD Mon YYYY'), 16, 5);
INSERT INTO registro_medicamento(idregistromedicamento, quantidade, data_hora, idatendente, idmedicamentoposto) VALUES(4, 7, to_timestamp('25 Feb 2018', 'DD Mon YYYY'), 24, 3);
INSERT INTO registro_medicamento(idregistromedicamento, quantidade, data_hora, idatendente, idmedicamentoposto) VALUES(5, 18, to_timestamp('6 Jan 2018', 'DD Mon YYYY'), 3, 3);
INSERT INTO registro_medicamento(idregistromedicamento, quantidade, data_hora, idatendente, idmedicamentoposto) VALUES(6, 2, to_timestamp('13 Oct 2015', 'DD Mon YYYY'), 18, 4);
INSERT INTO registro_medicamento(idregistromedicamento, quantidade, data_hora, idatendente, idmedicamentoposto) VALUES(7, 15, to_timestamp('8 Dec 2017', 'DD Mon YYYY'), 3, 7);
INSERT INTO registro_medicamento(idregistromedicamento, quantidade, data_hora, idatendente, idmedicamentoposto) VALUES(8, 6, to_timestamp('4 Jun 2018', 'DD Mon YYYY'), 7, 3);
INSERT INTO registro_medicamento(idregistromedicamento, quantidade, data_hora, idatendente, idmedicamentoposto) VALUES(9, 17, to_timestamp('17 Jul 2016', 'DD Mon YYYY'), 4, 4);
INSERT INTO registro_medicamento(idregistromedicamento, quantidade, data_hora, idatendente, idmedicamentoposto) VALUES(10, 6, to_timestamp('20 Dec 2016', 'DD Mon YYYY'), 3, 4);

-- TABELA SOLICITACAO

INSERT INTO solicitacao(idsolicitacao, data_hora, quantidademedicamento, estadosolicitacao, idtitular, idmedicamentoposto) VALUES(1, to_timestamp('1 Dec 2018', 'DD Mon YYYY'), 16, 2, 1, 5);
INSERT INTO solicitacao(idsolicitacao, data_hora, quantidademedicamento, estadosolicitacao, idtitular, idmedicamentoposto) VALUES(2, to_timestamp('4 Aug 2014', 'DD Mon YYYY'), 13, 1, 1, 9);
INSERT INTO solicitacao(idsolicitacao, data_hora, quantidademedicamento, estadosolicitacao, idtitular, idmedicamentoposto) VALUES(3, to_timestamp('29 Apr 2018', 'DD Mon YYYY'), 11, 2, 6, 2);
INSERT INTO solicitacao(idsolicitacao, data_hora, quantidademedicamento, estadosolicitacao, idtitular, idmedicamentoposto) VALUES(4, to_timestamp('11 Jan 2016', 'DD Mon YYYY'), 17, 1, 11, 10);
INSERT INTO solicitacao(idsolicitacao, data_hora, quantidademedicamento, estadosolicitacao, idtitular, idmedicamentoposto) VALUES(5, to_timestamp('21 Jan 2015', 'DD Mon YYYY'), 19, 2, 5, 2);
INSERT INTO solicitacao(idsolicitacao, data_hora, quantidademedicamento, estadosolicitacao, idtitular, idmedicamentoposto) VALUES(6, to_timestamp('28 Apr 2016', 'DD Mon YYYY'), 3, 2, 3, 9);
INSERT INTO solicitacao(idsolicitacao, data_hora, quantidademedicamento, estadosolicitacao, idtitular, idmedicamentoposto) VALUES(7, to_timestamp('22 Jan 2017', 'DD Mon YYYY'), 3, 2, 14, 1);
INSERT INTO solicitacao(idsolicitacao, data_hora, quantidademedicamento, estadosolicitacao, idtitular, idmedicamentoposto) VALUES(8, to_timestamp('8 Feb 2015', 'DD Mon YYYY'), 2, 1, 23, 1);
INSERT INTO solicitacao(idsolicitacao, data_hora, quantidademedicamento, estadosolicitacao, idtitular, idmedicamentoposto) VALUES(9, to_timestamp('3 Dec 2014', 'DD Mon YYYY'), 1, 2, 2, 9);
INSERT INTO solicitacao(idsolicitacao, data_hora, quantidademedicamento, estadosolicitacao, idtitular, idmedicamentoposto) VALUES(10, to_timestamp('20 Jul 2018', 'DD Mon YYYY'), 20, 1, 1, 2);
INSERT INTO solicitacao(idsolicitacao, data_hora, quantidademedicamento, estadosolicitacao, idtitular, idmedicamentoposto) VALUES(11, to_timestamp('27 Jun 2014', 'DD Mon YYYY'), 9, 1, 19, 9);
INSERT INTO solicitacao(idsolicitacao, data_hora, quantidademedicamento, estadosolicitacao, idtitular, idmedicamentoposto) VALUES(12, to_timestamp('24 Nov 2015', 'DD Mon YYYY'), 5, 1, 11, 2);
INSERT INTO solicitacao(idsolicitacao, data_hora, quantidademedicamento, estadosolicitacao, idtitular, idmedicamentoposto) VALUES(13, to_timestamp('15 Nov 2015', 'DD Mon YYYY'), 14, 1, 25, 10);
INSERT INTO solicitacao(idsolicitacao, data_hora, quantidademedicamento, estadosolicitacao, idtitular, idmedicamentoposto) VALUES(14, to_timestamp('19 Apr 2017', 'DD Mon YYYY'), 8, 2, 15, 4);
INSERT INTO solicitacao(idsolicitacao, data_hora, quantidademedicamento, estadosolicitacao, idtitular, idmedicamentoposto) VALUES(15, to_timestamp('23 Feb 2017', 'DD Mon YYYY'), 9, 1, 25, 2);
INSERT INTO solicitacao(idsolicitacao, data_hora, quantidademedicamento, estadosolicitacao, idtitular, idmedicamentoposto) VALUES(16, to_timestamp('24 Apr 2018', 'DD Mon YYYY'), 14, 1, 2, 1);
INSERT INTO solicitacao(idsolicitacao, data_hora, quantidademedicamento, estadosolicitacao, idtitular, idmedicamentoposto) VALUES(17, to_timestamp('7 Nov 2018', 'DD Mon YYYY'), 10, 2, 15, 6);
INSERT INTO solicitacao(idsolicitacao, data_hora, quantidademedicamento, estadosolicitacao, idtitular, idmedicamentoposto) VALUES(18, to_timestamp('8 Jun 2014', 'DD Mon YYYY'), 13, 2, 23, 3);
INSERT INTO solicitacao(idsolicitacao, data_hora, quantidademedicamento, estadosolicitacao, idtitular, idmedicamentoposto) VALUES(19, to_timestamp('9 Dec 2016', 'DD Mon YYYY'), 16, 1, 10, 9);
INSERT INTO solicitacao(idsolicitacao, data_hora, quantidademedicamento, estadosolicitacao, idtitular, idmedicamentoposto) VALUES(20, to_timestamp('30 Jun 2014', 'DD Mon YYYY'), 9, 2, 23, 5);

-- TABELA RECEBIMENTO

INSERT INTO recebimento(idrecebimento, quantidademedicamentos, data_hora, idpessoa, idatedente, idmedicamentoposto) VALUES(1, 10, to_timestamp('29 May 2015', 'DD Mon YYYY'), 16, 24, 3);
INSERT INTO recebimento(idrecebimento, quantidademedicamentos, data_hora, idpessoa, idatedente, idmedicamentoposto) VALUES(2, 8, to_timestamp('28 Apr 2015', 'DD Mon YYYY'), 8, 18, 4);
INSERT INTO recebimento(idrecebimento, quantidademedicamentos, data_hora, idpessoa, idatedente, idmedicamentoposto) VALUES(3, 1, to_timestamp('15 Oct 2018', 'DD Mon YYYY'), 15, 8, 9);
INSERT INTO recebimento(idrecebimento, quantidademedicamentos, data_hora, idpessoa, idatedente, idmedicamentoposto) VALUES(4, 2, to_timestamp('7 Jul 2014', 'DD Mon YYYY'), 4, 1, 6);
INSERT INTO recebimento(idrecebimento, quantidademedicamentos, data_hora, idpessoa, idatedente, idmedicamentoposto) VALUES(5, 6, to_timestamp('2 Jan 2017', 'DD Mon YYYY'), 25, 1, 4);
INSERT INTO recebimento(idrecebimento, quantidademedicamentos, data_hora, idpessoa, idatedente, idmedicamentoposto) VALUES(6, 5, to_timestamp('21 Jul 2016', 'DD Mon YYYY'), 24, 23, 5);
INSERT INTO recebimento(idrecebimento, quantidademedicamentos, data_hora, idpessoa, idatedente, idmedicamentoposto) VALUES(7, 3, to_timestamp('8 Jan 2015', 'DD Mon YYYY'), 24, 1, 7);
INSERT INTO recebimento(idrecebimento, quantidademedicamentos, data_hora, idpessoa, idatedente, idmedicamentoposto) VALUES(8, 4, to_timestamp('7 May 2016', 'DD Mon YYYY'), 15, 24, 4);
INSERT INTO recebimento(idrecebimento, quantidademedicamentos, data_hora, idpessoa, idatedente, idmedicamentoposto) VALUES(9, 9, to_timestamp('13 Dec 2015', 'DD Mon YYYY'), 29, 16, 4);
INSERT INTO recebimento(idrecebimento, quantidademedicamentos, data_hora, idpessoa, idatedente, idmedicamentoposto) VALUES(10, 5, to_timestamp('4 Dec 2016', 'DD Mon YYYY'), 21, 23, 8);
